,sample,OTU_16S_25709,OTU_16S_25947,OTU_16S_33238,v_vul_total_abundance
2,S15T1423,0,0,0,0
3,S05M1922,0,0,0,0
4,S08T4122,0,0,0,0
5,S14M1823,0,0,0,0
6,S06T2422,0,0,0,0
7,S05M2522,0,0,0,0
8,S15M2023,0,0,0,0
9,S13T1822,0,0,0,0
10,S08M1923,0,0,0,0
11,S13M1723,0,0,0,0
12,S04T4222,0,0,0,0
13,S02M2922,0,0,0,0
14,S04M1822,0,0,0,0
15,S14M1723,0,0,0,0
16,S01X0923,0,0,0,0
17,S12M1723,0,0,0,0
18,S01X4722,0,0,0,0
19,S01X1423,0,0,0,0
20,S02M1723,0,0,0,0
21,S06T1823,0,0,0,0
22,S15T1823,0,0,0,0
23,S03T3322,3.73E-05,1.86E-05,1.24E-05,6.84E-05
24,S08T1923,0,0,0,0
25,S15T3122,0,1.82E-05,0,1.82E-05
26,S07M1722,0,0,0,0
27,S01X4222,0,0,0,0
28,S12M2122,0,0,0,0
29,S05T1823,0,0,0,0
30,S03T2222,0,0,0,0
31,S05T1622,0,0,0,0
32,S05T4422,0,0,0,0
33,S06T1723,0,0,0,0
34,S10M2023,0,0,0,0
35,S02M4622,0,0,0,0
36,S04T1622,0,0,0,0
37,S05M4722,0,0,0,0
38,S09M4322,0,0,0,0
39,S02T1622,0,0,0,0
40,S11M1722,0,0,0,0
41,S06T4622,0,0,0,0
42,S04M3322,0,3.22E-05,0,3.22E-05
43,S04T2122,0,0,0,0
44,S09M2322,0,0,0,0
45,S05M1722,0,0,0,0
46,S02T1822,0,0,0,0
47,S10T1023,0,0,0,0
48,S06M4122,0,0,0,0
49,S10T3022,0,2.44E-05,0,2.44E-05
50,S07M4522,0,0,0,0
51,S07M3522,0,0,0,0
52,S03T2122,0,0,0,0
53,S11T4222,0,0,0,0
54,S03T4322,0,0,0,0
55,S01X1523,0,0,0,0
56,S12M1822,0,0,0,0
57,S04M1923,0,0,0,0
58,S06T0523,0,0,0,0
59,S12M3522,0,0,0,0
60,S14M2422,0,0,0,0
61,S03T1023,0,0,0,0
62,S14T2022,0,0,0,0
63,S12T1922,0,0,0,0
64,S08T1023,0,0,0,0
65,S02T1923,0,0,0,0
66,S04T4922,0,0,0,0
67,S12M0923,0,0,0,0
68,S09T3622,0,0,0,0
69,S07T0923,0,0,0,0
70,S03M1822,0,0,0,0
71,S11T0923,0,0,0,0
72,S12T1822,0,0,0,0
73,S12T5122,0,0,0,0
74,S12M1922,0,0,0,0
75,S13M1822,0,0,0,0
76,S05T2622,0,0,0,0
77,S13T2022,0,0,0,0
78,S12M3122,0,0,0,0
79,S05T1922,0,0,0,0
80,S08T2022,0,0,0,0
81,S06T2022,0,0,0,0
82,S02M3922,0,0,0,0
83,S01X3222,0,0,0,0
84,S06T1922,0,0,0,0
85,S15M3722,0,0,0,0
86,S02T3722,0,0,0,0
87,S15T4422,0,0,0,0
88,S08M0223,0,0,0,0
89,S04T2222,0,0,0,0
90,S05M4022,0,0,0,0
91,S15T3922,0,0,0,0
92,S13M2023,0,0,0,0
93,S11M3222,0,0,0,0
94,S02T2822,3.27E-05,0,0,3.27E-05
95,S09M4622,0,0,0,0
96,S13T2722,0,0,0,0
97,S09T2822,0,0,0,0
98,S10M1922,0,0,0,0
99,S04M1722,0,0,0,0
100,S08M3322,0,0,0,0
101,S04M3022,7.59E-05,0,0,7.59E-05
102,S15M3022,0,0,0,0
103,S09M3222,0,1.53E-05,0,1.53E-05
104,S06T1023,0,0,0,0
105,S12T1823,0,0,0,0
106,S01X1123,0,0,0,0
107,S09T3522,0,0,0,0
108,S02M5222,0,0,0,0
109,S12T2422,0,0,0,0
110,S11T1823,0,0,0,0
111,S11T3322,0,0,0,0
112,S02M3522,4.05E-05,4.05E-05,0,8.11E-05
113,S11T3422,0,0,0,0
114,S10M3422,0,3.15E-05,0,3.15E-05
115,S09M1923,0,0,0,0
116,S15T4922,0,0,0,0
117,S05M5122,0,0,0,0
118,S07M4122,0,0,0,0
119,S09T1923,0,0,0,0
120,S10M1923,0,0,0,0
121,S06M4222,0,0,0,0
122,S02T4122,0,0,0,0
123,S02T5122,0,0,0,0
124,S04T3922,0,0,0,0
125,S03M2422,0,0,0,0
126,S05M2422,0,0,0,0
127,S09T1622,0,0,0,0
128,S14T1722,0,0,0,0
129,S07M4322,0,0,0,0
130,S05M5222,0,0,0,0
131,S04M4222,0,0,0,0
132,S03T2322,0,0,0,0
133,S13M2522,0,0,0,0
134,S03M1523,0,0,0,0
135,S15T5222,0,0,0,0
136,S10M1423,0,0,0,0
137,S07T5122,0,0,0,0
138,S14M4722,0,0,0,0
139,S15M2522,0,0,0,0
140,S06T1622,0,0,0,0
141,S05T3522,0.000168124,0.000130763,0,0.000298887
142,S11M4622,0,0,0,0
143,S10T0123,0,0,0,0
144,S12M3022,0,2.82E-05,2.82E-05,5.64E-05
145,S14T2722,0,0,0,0
146,S15T4322,0,0,0,0
147,S02M5022,0,0,0,0
148,S05T5122,0,0,0,0
149,S11T1622,0,0,0,0
150,S06M1922,0,0,0,0
151,S12M1722,0,0,0,0
152,S13T4222,0,0,0,0
153,S03M3022,0,0,0,0
154,S07T1923,0,0,0,0
155,S15T1923,0,0,0,0
156,S11T3122,0,0,0,0
157,S09T4422,0,0,0,0
158,S14M5122,0,0,0,0
159,S11T4322,0,0,0,0
160,S12M3222,0,0,0,0
161,S14T1822,0,0,0,0
162,S07M0223,0,0,0,0
163,S11M0323,0,0,0,0
164,S10M0623,0,0,0,0
165,S04T0823,0,0,0,0
166,S13M3122,0,0,0,0
167,S03M5222,0,0,0,0
168,S09T0623,0,0,0,0
169,S04M0523,0,0,0,0
170,S08M5222,0,0,0,0
171,S08T1823,0,0,0,0
172,S09T3122,0,0,0,0
173,S11M1922,0,0,0,0
174,S09M3522,0,0,0,0
175,S06M3322,0,0,0,0
176,S07T3322,0,0,0,0
177,S03T1822,0,0,0,0
178,S10T1923,0,0,0,0
179,S11T5122,0,0,0,0
180,S13T3222,0,0,0,0
181,S13T5222,0,0,0,0
182,S13M1523,0,0,0,0
183,S14M2822,0,0,0,0
184,S08T1822,0,0,0,0
185,S08M1423,0,0,0,0
186,S02M0523,0,0,0,0
187,S10M3222,0,2.29E-05,0,2.29E-05
188,S10T3522,0,0,0,0
189,S14M1423,0,0,0,0
190,S05T0723,0,0,0,0
191,S03M1423,0,0,0,0
192,S15T2022,0,0,0,0
193,S13M3622,0,0,0,0
194,S04T1023,0,0,0,0
195,S05T2822,2.44E-05,0,0,2.44E-05
196,S03M2022,0,0,0,0
197,S10M0823,0,0,0,0
198,S04M0123,0,0,0,0
199,S05M1822,0,0,0,0
200,S08M1723,0,0,0,0
201,S08M0923,0,0,0,0
202,S06M3622,0,0,0,0
203,S12M3622,0,0,0,0
204,S10M2022,0,0,0,0
205,S06T4222,0,0,0,0
206,S12T2022,0,0,0,0
207,S01X1623,0,0,0,0
208,S07T4722,0,0,0,0
209,S04M1922,0,0,0,0
210,S08M2022,0,0,0,0
211,S13T2622,0,0,0,0
212,S01X3122,0,0,0,0
213,S02M3622,0,0,0,0
214,S05M3622,0,0,0,0
215,S12M2023,0,0,0,0
216,S04T3322,0.000172682,7.40E-05,0,0.000246688
217,S13M2222,0,0,0,0
218,S15T5022,0,0,0,0
219,S03T3022,8.89E-05,0,0,8.89E-05
220,S07M3422,9.38E-06,3.75E-05,9.38E-06,5.63E-05
221,S06M3222,0,0,0,0
222,S05M1823,0,0,0,0
223,S12T1723,0,0,0,0
224,S04T3222,0,0,0,0
225,S04M1823,0,0,0,0
226,S05M1923,0,0,0,0
227,S09M2023,0,0,0,0
228,S11M1923,0,0,0,0
229,S14M4322,0,0,0,0
230,S10T0523,0,0,0,0
231,S13M1823,0,0,0,0
232,S07M2023,0,0,0,0
233,S08M2023,0,0,0,0
234,S14M2022,0,0,0,0
235,S11T4622,0,0,0,0
236,S05T2122,0,0,0,0
237,S07T2322,0,0,0,0
238,S08M1623,0,0,0,0
239,S08M4322,0,0,0,0
240,S09M4122,0,0,0,0
241,S10T1423,0,0,0,0
242,S10T0923,0,0,0,0
243,S14T0723,0,0,0,0
244,S06M1723,0,0,0,0
245,S08T1723,0,0,0,0
246,S15T2622,0,0,0,0
247,S01X4422,0,0,0,0
248,S06M4522,0,0,0,0
249,S06M1823,0,0,0,0
250,S06T5222,0,0,0,0
251,S06T4322,0,0,0,0
252,S14T1823,0,0,0,0
253,S13M3522,0,0,0,0
254,S10M0323,0,0,0,0
255,S06T1223,0,0,0,0
256,S06M1923,0,0,0,0
257,S12M1923,0,0,0,0
258,S15M1923,0,0,0,0
259,S03T1523,0,0,0,0
260,S02T1523,0,0,0,0
261,S13M4722,0,0,0,0
262,S12T1923,0,0,0,0
263,S11T3522,0,0,0,0
264,S15M4822,0,0,0,0
265,S14T1923,0,0,0,0
266,S05T2422,0,0,0,0
267,S08T1722,0,0,0,0
268,S07M3722,0,0,0,0
269,S09M1722,0,0,0,0
270,S10M4122,0,0,0,0
271,S08M1823,0,0,0,0
272,S10T1822,0,0,0,0
273,S14M2522,0,0,0,0
274,S15T4622,0,0,0,0
275,S02T1023,0,0,0,0
276,S05T0923,0,0,0,0
277,S04M2822,0,0,0,0
278,S15T1822,0,0,0,0
279,S10M1823,0,0,0,0
280,S11M1823,0,0,0,0
281,S11T2022,0,0,0,0
282,S02T2522,0,0,0,0
283,S03T1123,0,0,0,0
284,S12T2722,0,0,0,0
285,S12T1622,0,0,0,0
286,S08M2722,0,0,0,0
287,S14T4622,0,0,0,0
288,S03M2822,0,0,0,0
289,S03T2422,0,0,0,0
290,S10T2422,0,0,0,0
291,S04T2022,0,0,0,0
292,S03T2722,3.00E-05,0,0,3.00E-05
293,S09T1722,0,0,0,0
294,S08M5122,0,0,0,0
295,S04T3622,0,0,0,0
296,S08M1023,0,0,0,0
297,S02T5222,0,0,0,0
298,S15M1922,0,0,0,0
299,S15M1823,0,0,0,0
300,S08T1922,0,0,0,0
301,S14M0223,0,0,0,0
302,S08M1922,0,0,0,0
303,S15T3822,0,0,0,0
304,S02M1823,0,0,0,0
305,S07T4222,0,0,0,0
306,S15T2122,0,0,0,0
307,S11M2922,0,0,0,0
308,S10T2022,0,0,0,0
309,S03T0123,0,0,0,0
310,S09T1822,0,0,0,0
311,S09M0123,0,0,0,0
312,S05T3722,0,0,0,0
313,S06M5022,0,0,0,0
314,S01X5022,0,0,0,0
315,S07T1922,0,0,0,0
316,S08T5122,0,0,0,0
317,S03M4222,0,0,0,0
318,S09T1922,0,0,0,0
319,S15M2022,0,0,0,0
320,S09T2722,0,0,0,0
321,S13M1023,0,0,0,0
322,S07M4622,0,0,0,0
323,S14T1922,0,0,0,0
324,S02T0123,0,0,0,0
325,S04M4522,0,0,0,0
326,S13M2022,0,0,0,0
327,S07M4022,0,0,0,0
328,S04M3922,0,0,0,0
329,S05M2222,0,0,0,0
330,S10T4422,0,0,0,0
331,S15M2122,0,0,0,0
332,S10M2122,0,0,0,0
333,S11M2122,0,0,0,0
334,S06T3922,0,0,0,0
335,S12T2122,0,0,0,0
336,S06M4622,0,0,0,0
337,S09M2222,0,0,0,0
338,S09M0223,0,0,0,0
339,S13M4922,0,0,0,0
340,S08M2122,0,0,0,0
341,S07M3922,0,0,0,0
342,S08T2122,0,0,0,0
343,S07T4022,0,0,0,0
344,S05M4922,0,0,0,0
345,S12T4422,0,0,0,0
346,S05M2322,0,0,0,0
347,S07M2322,0,0,0,0
348,S08T2222,0,0,0,0
349,S09T4022,0,0,0,0
350,S11T2222,0,0,0,0
351,S03T4022,0,0,0,0
352,S15M2322,0,0,0,0
353,S11M2422,0,0,0,0
354,S14T2222,0,0,0,0
355,S13M2322,0,0,0,0
356,S08M2322,0,0,0,0
357,S09M2522,0,0,0,0
358,S09T3022,0,0,0,0
359,S13M4122,0,0,0,0
360,S02T5022,0,0,0,0
361,S01X0423,0,0,0,0
362,S03M5022,0,0,0,0
363,S15M5022,0,0,0,0
364,S10M1822,0,0,0,0
365,S12T3022,0,0,0,0
366,S12M2322,0,0,0,0
367,S06M3022,0,2.40E-05,0,2.40E-05
368,S09M0323,0,0,0,0
369,S02M2322,0,0,0,0
370,S14T3022,0,0,0,0
371,S02M3022,0,0,0,0
372,S14T5122,0,0,0,0
373,S12T2222,0,0,0,0
374,S08M3122,0,0,0,0
375,S11T0823,0,0,0,0
376,S08T2322,0,0,0,0
377,S02M3122,0,4.05E-05,0,4.05E-05
378,S05T3022,1.28E-05,0,0,1.28E-05
379,S03T4722,0,0,0,0
380,S10T3122,0,0,0,0
381,S14M0823,0,0,0,0
382,S10M5022,0,0,0,0
383,S09T2422,0,0,0,0
384,S12T3122,0,0,0,0
385,S03M2522,0,0,0,0
386,S02T4722,0,0,0,0
387,S06T3222,0,0,0,0
388,S12M3322,0,9.10E-05,0,9.10E-05
389,S02M2422,0,0,0,0
390,S05M4422,0,0,0,0
391,S02T4422,0,0,0,0
392,S05T3222,5.10E-05,3.82E-05,0,8.92E-05
393,S15M3222,0,0,0,0
394,S08M2422,0,0,0,0
395,S05M3522,0,2.04E-05,0,2.04E-05
396,S08T0223,0,0,0,0
397,S15T2422,0,0,0,0
398,S12T3222,0,0,0,0
399,S09M3322,0,0,0,0
400,S14T3322,0,4.78E-06,0,4.78E-06
401,S10T2822,0,2.14E-05,0,2.14E-05
402,S05T3322,0.000121971,0,0,0.000121971
403,S03M3322,0,0,0,0
404,S11M3422,0,3.21E-05,0,3.21E-05
405,S06M4922,0,0,0,0
406,S13M3322,0,9.11E-05,0,9.11E-05
407,S07M2222,0,0,0,0
408,S06T3322,0,0.000291545,0,0.000291545
409,S09T5022,0,0,0,0
410,S09T3322,0,0,0,0
411,S13M4422,0,0,0,0
412,S02M0423,0,0,0,0
413,S04T0423,0,0,0,0
414,S12T0623,0,0,0,0
415,S10M3322,0,0,0,0
416,S14T2422,0,0,0,0
417,S10T3622,0,0,0,0
418,S10M3522,0,0,0,0
419,S03M4822,0,0,0,0
420,S07T3422,0,0,0,0
421,S07T4522,0,0,0,0
422,S02M1523,0,0,0,0
423,S07M1823,0,0,0,0
424,S14M4822,0,0,0,0
425,S15M3622,0,0,0,0
426,S05T3622,0,0,0,0
427,S04T1923,0,0,0,0
428,S15M3822,0,0,0,0
429,S08M4522,0,0,0,0
430,S03T4522,0,0,0,0
431,S12M2422,0,0,0,0
432,S10T2322,0,0,0,0
433,S12T2322,0,0,0,0
434,S09T3822,0,0,0,0
435,S12M2522,0,0,0,0
436,S02M4922,0,0,0,0
437,S05M3822,0,0,0,0
438,S11T2422,0,0,0,0
439,S03T3222,0,0,0,0
440,S04M3622,0,0,0,0
441,S02T3822,0,0,0,0
442,S10M3022,0,0,0,0
443,S12M4822,0,0,0,0
444,S13T1922,0,0,0,0
445,S04M3722,0,0,0,0
446,S07T1822,0,0,0,0
447,S12T3822,0,0,0,0
448,S11T3022,0,0,0,0
449,S09M4822,0,0,0,0
450,S02M2222,0,0,0,0
451,S02T4822,0,0,0,0
452,S05M1223,0,0,0,0
453,S10T3922,0,0,0,0
454,S14T1223,0,0,0,0
455,S12M5122,0,0,0,0
456,S08M4922,0,0,0,0
457,S07M2922,0,0,0,0
458,S05M1023,0,0,0,0
459,S02T2222,0,0,0,0
460,S10M3622,0,0,0,0
461,S05T3922,0,0,0,0
462,S05M3022,0,0,0,0
463,S10M3722,0,0,0,0
464,S06T2222,0,0,0,0
465,S05M3122,9.76E-05,5.86E-05,0,0.000156155
466,S07T3722,0,0,0,0
467,S03T4822,0,0,0,0
468,S12M3822,0,0,0,0
469,S12M0223,0,0,0,0
470,S13M5222,0,0,0,0
471,S12M3922,0,0,0,0
472,S03M4022,0,0,0,0
473,S09M4922,0,0,0,0
474,S03M4522,0,0,0,0
475,S06M3922,0,0,0,0
476,S07T4922,0,0,0,0
477,S07T3922,0,0,0,0
478,S04M4022,0,0,0,0
479,S09T5122,0,0,0,0
480,S10M3922,0,0,0,0
481,S04M4122,0,0,0,0
482,S09M3022,0,0,0,0
483,S02M4222,0,0,0,0
484,S10M1223,0,0,0,0
485,S07T5022,0,0,0,0
486,S11M5222,0,0,0,0
487,S05M4322,0,0,0,0
488,S14T0923,0,0,0,0
489,S13T4422,0,0,0,0
490,S09T0923,0,0,0,0
491,S03M2122,0,0,0,0
492,S10T4522,0,0,0,0
493,S02T4522,0,0,0,0
494,S13M3922,0,0,0,0
495,S02T4622,0,0,0,0
496,S05M0123,0,0,0,0
497,S07T4622,0,0,0,0
498,S09T1123,0,0,0,0
499,S09T4622,0,0,0,0
500,S15T3022,0,0,0,0
501,S02T3122,0,1.89E-05,0,1.89E-05
502,S09M4722,0,0,0,0
503,S01X4922,0,0,0,0
504,S08T4722,0,0,0,0
505,S11T4922,0,0,0,0
506,S15T1922,0,0,0,0
507,S03M3122,2.03E-05,8.13E-05,2.03E-05,0.000121981
508,S14M3022,0,1.79E-05,0,1.79E-05
509,S09T4722,0,0,0,0
510,S12M4722,0,0,0,0
511,S04T4622,0,0,0,0
512,S10T1722,0,0,0,0
513,S10M4922,0,0,0,0
514,S05T2222,0,0,0,0
515,S07T3022,6.67E-05,0,0,6.67E-05
516,S10M3122,0,0,0,0
517,S07M2022,0,0,0,0
518,S08T3222,0,0,0,0
519,S04T3122,0,0,0,0
520,S14M3222,0,5.28E-05,0,5.28E-05
521,S03T3122,0,0,0,0
522,S15T1622,0,0,0,0
523,S05T3122,0,0,0,0
524,S13T3922,0,0,0,0
525,S15T3222,0,0,0,0
526,S07M3222,0,0,0,0
527,S02T3222,0,0,0,0
528,S14T3122,0,0,0,0
529,S10T4822,0,0,0,0
530,S15M3422,0,0,0,0
531,S08M1822,0,0,0,0
532,S14M1822,0,0,0,0
533,S05M3322,7.24E-05,3.62E-05,3.62E-05,0.000144823
534,S11M3322,0,0,0,0
535,S13M3422,4.24E-05,0,0,4.24E-05
536,S02M4822,0,0,0,0
537,S08T3122,0,0,0,0
538,S07M3322,4.47E-05,4.47E-05,4.47E-05,0.00013424
539,S05M3922,0,0,0,0
540,S05T1722,0,0,0,0
541,S11T1822,0,0,0,0
542,S07T2022,0,0,0,0
543,S08T0123,0,0,0,0
544,S08T4822,0,0,0,0
545,S12T3322,4.99E-05,0,0,4.99E-05
546,S08T3322,0,0,0,0
547,S08M0423,0,0,0,0
548,S06M2122,0,0,0,0
549,S03M4922,0,0,0,0
550,S15M1023,0,0,0,0
551,S14M3722,0,0,0,0
552,S11M3722,0,0,0,0
553,S08T3622,0,0,0,0
554,S10M2222,0,0,0,0
555,S07M3622,0,0,0,0
556,S09M3722,0,0,0,0
557,S06T1722,0,0,0,0
558,S05T4822,0,0,0,0
559,S13M3722,0,0,0,0
560,S14M2122,0,0,0,0
561,S02T3622,0,0,0,0
562,S12M2022,0,0,0,0
563,S02T4922,0,0,0,0
564,S07T3822,0,0,0,0
565,S06T3822,0,0,0,0
566,S11T3722,0,0,0,0
567,S05T2022,0,0,0,0
568,S12T5022,0,0,0,0
569,S11T3822,0,0,0,0
570,S03M3922,0,0,0,0
571,S03T3722,0,0,0,0
572,S13M3822,0,0,0,0
573,S05T4922,0,0,0,0
574,S08T3722,0,0,0,0
575,S10T3822,0,0,0,0
576,S14M3822,0,0,0,0
577,S11T3922,0,0,0,0
578,S13T2122,0,0,0,0
579,S10T3722,0,0,0,0
580,S15M1822,0,0,0,0
581,S08M2222,0,0,0,0
582,S02T3922,0,0,0,0
583,S08M5022,0,0,0,0
584,S07T2122,0,0,0,0
585,S06T4922,0,0,0,0
586,S12M5022,0,0,0,0
587,S10M4022,0,0,0,0
588,S14M4022,0,0,0,0
589,S06M3722,0,0,0,0
590,S15M3922,0,0,0,0
591,S06M4022,0,0,0,0
592,S12M4022,0,0,0,0
593,S09T4122,0,0,0,0
594,S08T4022,0,0,0,0
595,S09M4022,0,0,0,0
596,S14T4122,0,0,0,0
597,S12M4122,0,0,0,0
598,S12T4122,0,0,0,0
599,S06T4022,0,0,0,0
600,S13T4122,0,0,0,0
601,S03T5222,0,0,0,0
602,S05T4122,0,0,0,0
603,S11T4022,0,0,0,0
604,S05T4022,0,0,0,0
605,S07T4122,0,0,0,0
606,S03T3822,0,0,0,0
607,S10T4022,0,0,0,0
608,S15T4122,0,0,0,0
609,S10T4122,0,0,0,0
610,S01X2222,0,0,0,0
611,S02M4122,0,0,0,0
612,S03M3422,0.000166708,0,0,0.000166708
613,S03M4122,0,0,0,0
614,S02M1323,0,0,0,0
615,S08M4122,0,0,0,0
616,S14M4222,0,0,0,0
617,S05M4122,0,0,0,0
618,S08T4222,0,0,0,0
619,S08M3222,0,0,0,0
620,S02M4322,0,0,0,0
621,S04M3422,0.000117541,3.92E-05,0,0.000156721
622,S03M0123,0,0,0,0
623,S14T4222,0,0,0,0
624,S11M1623,0,0,0,0
625,S15T4222,0,0,0,0
626,S03T1622,0,0,0,0
627,S05M3422,5.10E-05,5.10E-05,2.83E-05,0.000130214
628,S05T4222,0,0,0,0
629,S11T2722,0,0,0,0
630,S10T0423,0,0,0,0
631,S04T4322,0,0,0,0
632,S06M2322,0,0,0,0
633,S15M4322,0,0,0,0
634,S12T4222,0,0,0,0
635,S02M4422,0,0,0,0
636,S07M5122,0,0,0,0
637,S10T5122,0,0,0,0
638,S11M5122,0,0,0,0
639,S03M0223,0,0,0,0
640,S03M4322,0,0,0,0
641,S15M5122,0,0,0,0
642,S02T2322,0,0,0,0
643,S06M3422,0.000112518,0.000168776,0,0.000281294
644,S13T4322,0,0,0,0
645,S13M4222,0,0,0,0
646,S14M4422,0,0,0,0
647,S04M2422,0,0,0,0
648,S13M5122,0,0,0,0
649,S04M4422,0,0,0,0
650,S13T4522,0,0,0,0
651,S06M2422,0,0,0,0
652,S07M2422,0,0,0,0
653,S11M4322,0,0,0,0
654,S09T0423,0,0,0,0
655,S12T4522,0,0,0,0
656,S09M3422,0,0,0,0
657,S10M4422,0,0,0,0
658,S09T2322,0,0,0,0
659,S11T2322,0,0,0,0
660,S11M2222,0,0,0,0
661,S09T5222,0,0,0,0
662,S02T4222,0,0,0,0
663,S07T3522,0,0,0,0
664,S08T4522,0,0,0,0
665,S11T4422,0,0,0,0
666,S08M4622,0,0,0,0
667,S07T1622,0,0,0,0
668,S03T2822,0.000118498,0,0,0.000118498
669,S11M0223,0,0,0,0
670,S13T1622,0,0,0,0
671,S01X0523,0,0,0,0
672,S04T4822,0,0,0,0
673,S11T0323,0,0,0,0
674,S05M0423,0,0,0,0
675,S14T4322,0,0,0,0
676,S15T3722,0,0,0,0
677,S14M3422,0,0,0,0
678,S01X3422,0,0,0,0
679,S03T1722,0,0,0,0
680,S15M3122,0,0,0,0
681,S15M2422,0,0,0,0
682,S02T3422,0,0,3.12E-05,3.12E-05
683,S09T4322,0,0,0,0
684,S05M4822,0,0,0,0
685,S12M4422,0,0,0,0
686,S12M4922,0,0,0,0
687,S14T4922,0,0,0,0
688,S08T2422,0,0,0,0
689,S06T0123,0,0,0,0
690,S03T3422,0.000102093,0,0,0.000102093
691,S10T4322,0,0,0,0
692,S15M0423,0,0,0,0
693,S14T0123,0,0,0,0
694,S10M4522,0,0,0,0
695,S15M5222,0,0,0,0
696,S09T3422,0,0,0,0
697,S05T5222,0,0,0,0
698,S03T2022,0,0,0,0
699,S08T5222,0,0,0,0
700,S02M2522,0,0,0,0
701,S09T4522,0,0,0,0
702,S02M3322,0,0,0,0
703,S15T0123,0,0,0,0
704,S14M4522,0,0,0,0
705,S15M0223,0,0,0,0
706,S13M4522,0,0,0,0
707,S02M0223,0,0,0,0
708,S02M1922,0,0,0,0
709,S11T0223,0,0,0,0
710,S13M1922,0,0,0,0
711,S04M0323,0,0,0,0
712,S14M0323,0,0,0,0
713,S04T2522,0,0,0,0
714,S13T0123,0,0,0,0
715,S06M0323,0,0,0,0
716,S13M5022,0,0,0,0
717,S04T4522,0,0,0,0
718,S05M4622,0,0,0,0
719,S06M3522,1.05E-05,3.69E-05,0,4.74E-05
720,S03M4622,0,0,0,0
721,S03T5022,0,0,0,0
722,S04T2422,0,0,0,0
723,S14T4522,0,0,0,0
724,S07M5222,0,0,0,0
725,S14M0423,0,0,0,0
726,S15T4522,0,0,0,0
727,S04M4822,0,0,0,0
728,S08M0323,0,0,0,0
729,S04M5122,0,0,0,0
730,S14T4822,0,0,0,0
731,S12T0223,0,0,0,0
732,S14T5222,0,0,0,0
733,S07M4922,0,0,0,0
734,S02M0323,0,0,0,0
735,S05T1923,0,0,0,0
736,S06T1923,0,0,0,0
737,S07T4822,0,0,0,0
738,S02T0423,0,0,0,0
739,S06M0223,0,0,0,0
740,S11T4822,0,0,0,0
741,S09M0423,0,0,0,0
742,S04T0323,0,0,0,0
743,S02T1223,0,0,0,0
744,S15M4922,0,0,0,0
745,S12M0423,0,0,0,0
746,S06M1323,0,0,0,0
747,S04M5022,0,0,0,0
748,S06M0423,0,0,0,0
749,S13M0423,0,0,0,0
750,S14T5022,0,0,0,0
751,S09T0323,0,0,0,0
752,S07M0623,0,0,0,0
753,S08T4922,0,0,0,0
754,S04M0423,0,0,0,0
755,S08T0623,0,0,0,0
756,S07T0623,0,0,0,0
757,S14T1622,0,0,0,0
758,S11M5022,0,0,0,0
759,S07T1023,0,0,0,0
760,S09M0823,0,0,0,0
761,S03T0323,0,0,0,0
762,S09M5022,0,0,0,0
763,S06T0423,0,0,0,0
764,S05M1623,0,0,0,0
765,S03T5122,0,0,0,0
766,S11T0523,0,0,0,0
767,S15T0623,0,0,0,0
768,S15T1523,0,0,0,0
769,S04T1823,0,0,0,0
770,S09T0823,0,0,0,0
771,S02T1823,0,0,0,0
772,S03T1823,0,0,0,0
773,S15M0123,0,0,0,0
774,S09T1823,0,0,0,0
775,S11T1923,0,0,0,0
776,S10T1823,0,0,0,0
777,S13T1923,0,0,0,0
778,S09T1423,0,0,0,0
779,S03T1923,0,0,0,0
780,S10M1123,0,0,0,0
781,S02M1223,0,0,0,0
782,S09T0123,0,0,0,0
783,S13M0223,0,0,0,0
784,S07T0223,0,0,0,0
785,S01X1023,0,0,0,0
786,S10T0223,0,0,0,0
787,S03M0523,0,0,0,0
788,S11M1123,0,0,0,0
789,S14T0223,0,0,0,0
790,S04M0623,0,0,0,0
791,S15M2922,0,0,0,0
792,S01X2522,0,0,0,0
793,S03M0323,0,0,0,0
794,S07T2822,0,0,0,0
795,S15M4022,0,0,0,0
796,S06T0223,0,0,0,0
797,S04T2922,0,0,0,0
798,S14M4122,0,0,0,0
799,S02T0223,0,0,0,0
800,S09M0723,0,0,0,0
801,S12T1423,0,0,0,0
802,S03T4422,0,0,0,0
803,S04T0523,0,0,0,0
804,S15T0523,0,0,0,0
805,S02T1423,0,0,0,0
806,S08T0523,0,0,0,0
807,S04T2322,0,0,0,0
808,S05T1123,0,0,0,0
809,S01X0223,0,0,0,0
810,S05M0523,0,0,0,0
811,S15M0523,0,0,0,0
812,S09T1223,0,0,0,0
813,S09T0523,0,0,0,0
814,S11M4222,0,0,0,0
815,S04T5122,0,0,0,0
816,S05T1723,0,0,0,0
817,S11T0723,0,0,0,0
818,S15M0723,0,0,0,0
819,S04T0223,0,0,0,0
820,S08T1623,0,0,0,0
821,S14M1623,0,0,0,0
822,S10M2422,0,0,0,0
823,S05M0323,0,0,0,0
824,S05M0823,0,0,0,0
825,S03T0723,0,0,0,0
826,S07T1423,0,0,0,0
827,S12M0723,0,0,0,0
828,S12M1423,0,0,0,0
829,S06M1023,0,0,0,0
830,S03M1023,0,0,0,0
831,S13M0723,0,0,0,0
832,S13T0623,0,0,0,0
833,S14M1023,0,0,0,0
834,S06T0723,0,0,0,0
835,S05T1023,0,0,0,0
836,S12T1023,0,0,0,0
837,S12M0523,0,0,0,0
838,S07M1023,0,0,0,0
839,S14M4622,0,0,0,0
840,S11T1023,0,0,0,0
841,S09T4922,0,0,0,0
842,S08M0623,0,0,0,0
843,S09T0723,0,0,0,0
844,S13T0723,0,0,0,0
845,S12T0523,0,0,0,0
846,S10T0723,0,0,0,0
847,S05T1623,0,0,0,0
848,S08T1523,0,0,0,0
849,S12T2922,0,0,0,0
850,S09M4222,0,0,0,0
851,S10M2922,0,0,0,0
852,S02M0623,0,0,0,0
853,S15M0923,0,0,0,0
854,S06M1223,0,0,0,0
855,S04T1123,0,0,0,0
856,S14T0523,0,0,0,0
857,S14M0623,0,0,0,0
858,S09M1123,0,0,0,0
859,S13T0923,0,0,0,0
860,S02T0523,0,0,0,0
861,S13M0523,0,0,0,0
862,S06T3722,0,0,0,0
863,S13M4022,0,0,0,0
864,S03M1223,0,0,0,0
865,S05M0723,0,0,0,0
866,S01X2722,0,0,0,0
867,S03T3622,0,0,0,0
868,S15T0223,0,0,0,0
869,S04T0623,0,0,0,0
870,S06M0723,0,0,0,0
871,S09M1723,0,0,0,0
872,S13T5122,0,0,0,0
873,S14T0823,0,0,0,0
874,S15T0723,0,0,0,0
875,S06T0623,0,0,0,0
876,S06T0823,0,0,0,0
877,S08M0823,0,0,0,0
878,S04T1723,0,0,0,0
879,S14T1723,0,0,0,0
880,S15T1723,0,0,0,0
881,S02T0823,0,0,0,0
882,S11T1723,0,0,0,0
883,S10T1723,0,0,0,0
884,S10M0923,0,0,0,0
885,S14M0923,0,0,0,0
886,S09M0923,0,0,0,0
887,S13T3522,0,0,0,0
888,S10T0823,0,0,0,0
889,S06M0923,0,0,0,0
890,S07T0823,0,0,0,0
891,S14M1123,0,0,0,0
892,S02T1123,0,0,0,0
893,S12M1223,0,0,0,0
894,S09M1323,0,0,0,0
895,S05M1123,0,0,0,0
896,S09M1623,0,0,0,0
897,S10T0323,0,0,0,0
898,S10M1323,0,0,0,0
899,S14M1323,0,0,0,0
900,S04T1323,0,0,0,0
901,S06M1123,0,0,0,0
902,S11M1323,0,0,0,0
903,S11M1723,0,0,0,0
904,S05T1523,0,0,0,0
905,S06M1623,0,0,0,0
906,S07T0423,0,0,0,0
907,S03M1823,0,0,0,0
908,S09M1823,0,0,0,0
909,S12M1823,0,0,0,0
910,S07M1923,0,0,0,0
911,S13M1323,0,0,0,0
912,S13M1923,0,0,0,0
913,S08M3622,0,0,0,0
914,S10T1123,0,0,0,0
915,S14M1923,0,0,0,0
916,S14M2023,0,0,0,0
917,S11M2023,0,0,0,0
918,S05M3222,0,3.74E-05,0,3.74E-05
919,S09T4222,0,0,0,0
920,S11T2622,0,0,0,0
921,S03T1223,0,0,0,0
922,S11M1223,0,0,0,0
923,S01X3622,0,0,0,0
924,S05T0323,0,0,0,0
925,S13T5022,0,0,0,0
926,S06T1423,0,0,0,0
927,S08T0423,0,0,0,0
928,S10M2622,0,0,0,0
929,S13T3722,0,0,0,0
930,S04M3222,0,3.35E-05,0,3.35E-05
931,S07M1523,0,0,0,0
932,S14T3722,0,0,0,0
933,S05T0423,0,0,0,0
934,S12T4622,0,0,0,0
935,S03M3622,0,0,0,0
936,S04M4922,0,0,0,0
937,S09T2022,0,0,0,0
938,S14T3822,0,0,0,0
939,S15M4122,0,0,0,0
940,S02M1123,0,0,0,0
941,S03T0423,0,0,0,0
942,S01X4122,0,0,0,0
943,S11M0623,0,0,0,0
944,S14M4922,0,0,0,0
945,S04T4722,0,0,0,0
946,S06M0623,0,0,0,0
947,S05M2722,0,0,0,0
948,S04T4122,0,0,0,0
949,S11M4522,0,0,0,0
950,S09T1023,0,0,0,0
951,S06T4122,0,0,0,0
952,S14M0523,0,0,0,0
953,S10M0723,0,0,0,0
954,S03M0723,0,0,0,0
955,S07M4422,0,0,0,0
956,S03M2922,0,0,0,0
957,S05T1423,0,0,0,0
958,S13T3622,0,0,0,0
959,S10M4722,0,0,0,0
960,S11T3622,0,0,0,0
961,S05M5022,0,0,0,0
962,S04M4722,0,0,0,0
963,S15T3322,0,0,0,0
964,S11M1023,0,0,0,0
965,S07T1123,0,0,0,0
966,S08T2822,0,0,0,0
967,S12M4522,0,0,0,0
968,S08M1123,0,0,0,0
969,S08T2622,0,0,0,0
970,S03M0823,0,0,0,0
971,S03T0923,0,0,0,0
972,S06T4722,0,0,0,0
973,S06T5022,0,0,0,0
974,S14T2622,0,0,0,0
975,S14T4422,0,0,0,0
976,S11M0723,0,0,0,0
977,S01X0323,0,0,0,0
978,S12M0623,0,0,0,0
979,S11T4522,0,0,0,0
980,S15M0623,0,0,0,0
981,S15M1323,0,0,0,0
982,S03M3722,0,0,0,0
983,S15M4622,0,0,0,0
984,S15T2222,0,0,0,0
985,S10M4222,0,0,0,0
986,S13T4622,0,0,0,0
987,S02T2622,0,0,0,0
988,S05M3722,0,0,0,0
989,S02T0323,0,0,0,0
990,S13M0823,0,0,0,0
991,S12T1223,0,0,0,0
992,S12T1623,0,0,0,0
993,S06M4722,0,0,0,0
994,S04M0723,0,0,0,0
995,S12M3422,0,0,0,0
996,S08T0723,0,0,0,0
997,S01X3522,0,0,0,0
998,S12T0723,0,0,0,0
999,S14M0723,0,0,0,0
1000,S06T2122,0,0,0,0
1001,S07M3022,2.38E-05,0,0,2.38E-05
1002,S10T1623,0,0,0,0
1003,S07T0723,0,0,0,0
1004,S07M1623,0,0,0,0
1005,S07M0923,0,0,0,0
1006,S02T2922,4.32E-05,0,0,4.32E-05
1007,S04M0823,0,0,0,0
1008,S11T1722,0,0,0,0
1009,S06M0523,0,0,0,0
1010,S04T3022,1.03E-05,0,1.03E-05,2.07E-05
1011,S05T5022,0,0,0,0
1012,S07M0823,0,0,0,0
1013,S03M0923,0,0,0,0
1014,S12T3722,0,0,0,0
1015,S11T1323,0,0,0,0
1016,S08T4622,0,0,0,0
1017,S07T1523,0,0,0,0
1018,S03M1623,0,0,0,0
1019,S07M0523,0,0,0,0
1020,S02M0823,0,0,0,0
1021,S15T4722,0,0,0,0
1022,S11M0923,0,0,0,0
1023,S04M0923,0,0,0,0
1024,S14T1523,0,0,0,0
1025,S09M1822,0,0,0,0
1026,S10M0423,0,0,0,0
1027,S08M0523,0,0,0,0
1028,S11T4722,0,0,0,0
1029,S02T3022,0,0,0,0
1030,S08M1323,0,0,0,0
1031,S03T2622,0,0,0,0
1032,S11M0523,0,0,0,0
1033,S03T0523,0,0,0,0
1034,S10T4722,0,0,0,0
1035,S13M1123,0,0,0,0
1036,S08T1123,0,0,0,0
1037,S12M2722,0,0,0,0
1038,S11M2722,0,0,0,0
1039,S04M3822,0,0,0,0
1040,S01X1723,0,0,0,0
1041,S03M0423,0,0,0,0
1042,S09T2122,0,0,0,0
1043,S12M1323,0,0,0,0
1044,S13M1623,0,0,0,0
1045,S12M2622,0,3.98E-05,0,3.98E-05
1046,S10T3422,0,0,0,0
1047,S15M1223,0,0,0,0
1048,S10M2722,0,0,0,0
1049,S10T1523,0,0,0,0
1050,S08M1223,0,0,0,0
1051,S05T1323,0,0,0,0
1052,S06T2822,0,0,0,0
1053,S12T3422,0,0,0,0
1054,S12T3922,0,0,0,0
1055,S02M2822,0,0,0,0
1056,S04T1822,0,0,0,0
1057,S11M2322,0,0,0,0
1058,S15T2522,0,0,0,0
1059,S06M0823,0,0,0,0
1060,S13M1423,0,0,0,0
1061,S14T1023,0,0,0,0
1062,S10T2622,0,2.42E-05,0,2.42E-05
1063,S07M1123,0,0,0,0
1064,S04M2622,0,0,0,0
1065,S02M2622,0,0,0,0
1066,S11M3022,0,0,0,0
1067,S06T1323,0,0,0,0
1068,S03T3922,0,0,0,0
1069,S04M1723,0,0,0,0
1070,S04T1223,0,0,0,0
1071,S04M3122,3.47E-05,6.94E-05,0,0.000104072
1072,S14T4722,0,0,0,0
1073,S03M1922,0,0,0,0
1074,S08M3522,0,0,0,0
1075,S11M4922,0,0,0,0
1076,S02T2722,0,0,0,0
1077,S06T3122,0,0,0,0
1078,S10T4922,0,0,0,0
1079,S04T2722,0,0,0,0
1080,S11M3522,0,0,0,0
1081,S07T1223,0,0,0,0
1082,S07T2522,0,0,0,0
1083,S13M3022,0,0,0,0
1084,S06M1423,0,0,0,0
1085,S07T2622,0,0,0,0
1086,S03T4222,0,0,0,0
1087,S13T1323,0,0,0,0
1088,S06M2622,0,0.000149254,0,0.000149254
1089,S13T1722,0,0,0,0
1090,S13T3122,0,0,0,0
1091,S09M1423,0,0,0,0
1092,S06M2022,0,0,0,0
1093,S15T2722,0,0,0,0
1094,S11M1523,0,0,0,0
1095,S04T1423,0,0,0,0
1096,S15M1523,0,0,0,0
1097,S10T2222,0,0,0,0
1098,S11M1423,0,0,0,0
1099,S07M2722,8.95E-05,0.000149223,0,0.000238756
1100,S12M0823,0,0,0,0
1101,S08T1223,0,0,0,0
1102,S13M2922,0,0,0,0
1103,S07T3122,2.49E-05,2.49E-05,0,4.97E-05
1104,S11M0823,0,0,0,0
1105,S08T2522,0,0,0,0
1106,S13M1722,0,0,0,0
1107,S03T1423,0,0,0,0
1108,S14T0423,0,0,0,0
1109,S05M2022,0,0,0,0
1110,S11M3822,0,0,0,0
1111,S09M2722,0,0,0,0
1112,S04M2022,0,0,0,0
1113,S08T3022,0,0,0,0
1114,S06M2722,0,8.64E-05,0,8.64E-05
1115,S07M1323,0,0,0,0
1116,S04M1523,0,0,0,0
1117,S11M2822,0,0,0,0
1118,S07T3222,2.28E-05,6.83E-05,0,9.11E-05
1119,S14M1523,0,0,0,0
1120,S05T4322,0,0,0,0
1121,S09M1523,0,0,0,0
1122,S14T2922,0,0,0,0
1123,S06T3022,4.86E-05,3.24E-05,4.05E-06,8.50E-05
1124,S14T1423,0,0,0,0
1125,S11T3222,0,0,0,0
1126,S04M1423,0,0,0,0
1127,S10T2922,0,6.71E-05,0,6.71E-05
1128,S02M2022,0,0,0,0
1129,S06T1623,0,0,0,0
1130,S08M2922,0,0,0,0
1131,S03T1323,0,0,0,0
1132,S12T1523,0,0,0,0
1133,S06M2922,0,0,0,0
1134,S09M3122,0,0,0,0
1135,S04M1623,0,0,0,0
1136,S11T1423,0,0,0,0
1137,S02T1623,0,0,0,0
1138,S06T0923,0,0,0,0
1139,S09T1523,0,0,0,0
1140,S10T2522,0,0,0,0
1141,S13T1623,0,0,0,0
1142,S04M2122,0,0,0,0
1143,S01X1323,0,0,0,0
1144,S04M1023,0,0,0,0
1145,S10M1623,0,0,0,0
1146,S14M3122,0,0,0,0
1147,S02M1623,0,0,0,0
1148,S10M1723,0,0,0,0
1149,S02T1922,0,0,0,0
1150,S05M2822,0,0,0,0
1151,S13T4722,0,0,0,0
1152,S10T4622,0,0,0,0
1153,S15T0923,0,0,0,0
1154,S10M1722,0,0,0,0
1155,S07M3122,0,0,0,0
1156,S14M3622,0,0,0,0
1157,S09M4522,0,0,0,0
1158,S15M4522,0,0,0,0
1159,S05T4522,0,0,0,0
1160,S09M5122,0,0,0,0
1161,S03M3222,0,0,0,0
1162,S11T1623,0,0,0,0
1163,S10M1023,0,0,0,0
1164,S08M4722,0,0,0,0
1165,S07M2822,0,0,0,0
1166,S14M3522,0,0,0,0
1167,S09T1323,0,0,0,0
1168,S14M2922,0,0,0,0
1169,S02T3322,0.000122298,0,0,0.000122298
1170,S14M3322,0,0,0,0
1171,S06T2922,0.000131423,1.88E-05,0,0.000150198
1172,S10T1922,0,0,0,0
1173,S13M3222,1.23E-05,1.23E-05,0,2.47E-05
1174,S12T5222,0,0,0,0
1175,S06M3122,1.83E-05,0,0,1.83E-05
1176,S13T1523,0,0,0,0
1177,S10T4222,0,0,0,0
1178,S08T1622,0,0,0,0
1179,S02M1023,0,0,0,0
1180,S13T1023,0,0,0,0
1181,S15T1623,0,0,0,0
1182,S02M1722,0,0,0,0
1183,S14M1722,0,0,0,0
1184,S13T2922,0,0,0,0
1185,S14T1623,0,0,0,0
1186,S05M2622,0,0,0,0
1187,S06T2622,0,0,0,0
1188,S02T1722,0,0,0,0
1189,S12M1123,0,0,0,0
1190,S08T2922,0,0,0,0
1191,S14T3922,0,0,0,0
1192,S13M2622,0,0,0,0
1193,S03M1722,0,0,0,0
1194,S04T1722,0,0,0,0
1195,S07T1722,0,0,0,0
1196,S15T1722,0,0,0,0
1197,S02M1822,0,0,0,0
1198,S06M1822,0,0,0,0
1199,S05T1822,0,0,0,0
1200,S15M2622,0,0,0,0
1201,S04T2622,0,0,0,0
1202,S14M2722,0,0,0,0
1203,S04T1922,0,0,0,0
1204,S06T1822,0,0,0,0
1205,S08M4022,0,0,0,0
1206,S01X1722,0,0,0,0
1207,S03T1922,0,0,0,0
1208,S11T4122,0,0,0,0
1209,S14T2822,0,0,0,0
1210,S08M1722,0,0,0,0
1211,S05T2522,0,0,0,0
1212,S03M2622,0,0,0,0
1213,S11M1822,0,0,0,0
1214,S12T0823,0,0,0,0
1215,S07M1223,0,0,0,0
1216,S12T2822,3.99E-05,0,0,3.99E-05
1217,S11T2122,0,0,0,0
1218,S09M1023,0,0,0,0
1219,S13M2722,0,0,0,0
1220,S07T1823,0,0,0,0
1221,S14M2322,0,0,0,0
1222,S11M3122,0,9.85E-06,0,9.85E-06
1223,S09M2122,0,0,0,0
1224,S10T3322,0,0,0,0
1225,S15M2722,0,0,0,0
1226,S02M2122,0,0,0,0
1227,S06M2822,0,0.000245985,0,0.000245985
1228,S05M2122,0,0,0,0
1229,S02M4022,0,0,0,0
1230,S14T1123,0,0,0,0
1231,S08T2722,0,0,0,0
1232,S02T0923,0,0,0,0
1233,S07M2122,0,0,0,0
1234,S06T3522,0,0,0,0
1235,S08T3522,0,0,0,0
1236,S05T2722,0,0,0,0
1237,S10T2722,0,0,0,0
1238,S08M2822,0,0,0,0
1239,S06M4822,0,0,0,0
1240,S14M1922,0,0,0,0
1241,S12T1722,0,0,0,0
1242,S09M2822,0,0,0,0
1243,S01X2023,0,0,0,0
1244,S11T1922,0,0,0,0
1245,S12T4822,0,0,0,0
1246,S14T3522,0,0,0,0
1247,S15T3522,0,0,0,0
1248,S12M2222,0,0,0,0
1249,S13M2122,0,0,0,0
1250,S03M2722,0,0,0,0
1251,S12M2822,0,0,0,0
1252,S15M2222,0,0,0,0
1253,S02T2122,0,0,0,0
1254,S12M4222,0,0,0,0
1255,S12T0923,0,0,0,0
1256,S01X5122,0,0,0,0
1257,S09T2922,0,0,0,0
1258,S02M5122,0,0,0,0
1259,S04M2922,0,0,0,0
1260,S06T3622,0,0,0,0
1261,S15T1223,0,0,0,0
1262,S11T2922,0,0,0,0
1263,S15T1023,0,0,0,0
1264,S08T0923,0,0,0,0
1265,S14T3622,0,0,0,0
1266,S15T3622,0,0,0,0
1267,S06T1123,0,0,0,0
1268,S09M2022,0,0,0,0
1269,S06M2222,0,0,0,0
1270,S13M1223,0,0,0,0
1271,S13T0423,0,0,0,0
1272,S07M0123,0,0,0,0
1273,S02M4722,0,0,0,0
1274,S03M2222,0,0,0,0
1275,S02M3822,0,0,0,0
1276,S06M3822,0,0,0,0
1277,S05T4722,0,0,0,0
1278,S13T2222,0,0,0,0
1279,S09M3822,0,0,0,0
1280,S10M0523,0,0,0,0
1281,S10M3822,0,0,0,0
1282,S04M2222,0,0,0,0
1283,S02M3422,0,0,0,0
1284,S05T3822,0,0,0,0
1285,S08T3822,0,0,0,0
1286,S04M0223,0,0,0,0
1287,S07T2722,0,0,0,0
1288,S02T1323,0,0,0,0
1289,S02T3522,0,0,0,0
1290,S03M4422,0,0,0,0
1291,S03T0223,0,0,0,0
1292,S08M3922,0,0,0,0
1293,S14M5222,0,0,0,0
1294,S15T2322,0,0,0,0
1295,S07T2922,7.09E-05,4.73E-05,0,0.000118142
1296,S08M1523,0,0,0,0
1297,S11T1523,0,0,0,0
1298,S03M4722,0,0,0,0
1299,S13T2322,0,0,0,0
1300,S12T4922,0,0,0,0
1301,S13M2822,0,0,0,0
1302,S04T3422,1.01E-05,7.04E-05,1.01E-05,9.05E-05
1303,S12M5222,0,0,0,0
1304,S01X2422,0,0,0,0
1305,S07T2422,0,0,0,0
1306,S06T3422,0,0.000142623,0,0.000142623
1307,S09T3722,0,0,0,0
1308,S08M3022,0,0,0,0
1309,S09M3922,0,0,0,0
1310,S09T3222,0,0,0,0
1311,S05M1523,0,0,0,0
1312,S11T2822,0,0,0,0
1313,S13T2422,0,0,0,0
1314,S04M2522,0,0,0,0
1315,S05M0623,0,0,0,0
1316,S08M2522,0,0,0,0
1317,S10M2522,0,0,0,0
1318,S14T3222,0,0,0,0
1319,S11T1123,0,0,0,0
1320,S08M2622,0,0,0,0
1321,S13M0923,0,0,0,0
1322,S10T3222,0,0,0,0
1323,S11M4722,0,0,0,0
1324,S14T2322,0,0,0,0
1325,S13M4822,0,0,0,0
1326,S06T4822,0,0,0,0
1327,S03M0623,0,0,0,0
1328,S09M2922,0,0,0,0
1329,S15T3422,0,0,0,0
1330,S13T0223,0,0,0,0
1331,S15M1123,0,0,0,0
1332,S13M4622,0,0,0,0
1333,S03T0623,0,0,0,0
1334,S02T0623,0,0,0,0
1335,S10M5222,0,0,0,0
1336,S06T2522,0,0,0,0
1337,S04M2722,0.000209541,0,0,0.000209541
1338,S03M3522,2.02E-05,0,0,2.02E-05
1339,S11T0623,0,0,0,0
1340,S11T2522,0,0,0,0
1341,S12T2522,0,0,0,0
1342,S11M0123,0,0,0,0
1343,S07M0323,0,0,0,0
1344,S13T2522,0,0,0,0
1345,S07T0123,0,0,0,0
1346,S12T0423,0,0,0,0
1347,S04M1123,0,0,0,0
1348,S04M1223,0,0,0,0
1349,S14M1223,0,0,0,0
1350,S11T0123,0,0,0,0
1351,S02M0723,0,0,0,0
1352,S15T4822,0,0,0,0
1353,S10T1622,0,0,0,0
1354,S06T0323,0,0,0,0
1355,S01X0723,0,0,0,0
1356,S15M3522,0,0,0,0
1357,S15M1722,0,0,0,0
1358,S07M2622,0.000432399,0.000121072,0,0.000553471
1359,S03T4922,0,0,0,0
1360,S15M4722,0,0,0,0
1361,S07M1423,0,0,0,0
1362,S04M2322,0,0,0,0
1363,S11M3622,0,0,0,0
1364,S09M0623,0,0,0,0
1365,S12M2922,0,0,0,0
1366,S08M4822,0,0,0,0
1367,S03M5122,0,0,0,0
1368,S06M5122,0,0,0,0
1369,S13M0623,0,0,0,0
1370,S01X4822,0,0,0,0
1371,S09M1223,0,0,0,0
1372,S07M4822,0,0,0,0
1373,S01X1223,0,0,0,0
1374,S07M1723,0,0,0,0
1375,S03T1723,0,0,0,0
1376,S05M1723,0,0,0,0
1377,S10M2822,0,0,0,0
1378,S13T1723,0,0,0,0
1379,S10T5222,0,0,0,0
1380,S15M2822,0,0,0,0
1381,S15M1723,0,0,0,0
1382,S06M2023,0,0,0,0
1383,S05M2023,0,0,0,0
1384,S02M3722,0,0,0,0
1385,S11M0423,0,0,0,0
1386,S05T0123,0,0,0,0
1387,S02T1723,0,0,0,0
1388,S12M1623,0,0,0,0
1389,S12T0323,0,0,0,0
1390,S13T0823,0,0,0,0
1391,S02T2022,0,0,0,0
1392,S08T0323,0,0,0,0
1393,S01X3022,0,0,0,0
1394,S08T5022,0,0,0,0
1395,S07M2522,0,0,0,0
1396,S10T1323,0,0,0,0
1397,S11T5022,0,0,0,0
1398,S07M1822,0,0,0,0
1399,S11T0423,0,0,0,0
1400,S12M1523,0,0,0,0
1401,S01X1823,0,0,0,0
1402,S01X1922,0,0,0,0
1403,S04T0923,0,0,0,0
1404,S11M2022,0,0,0,0
1405,S11M4822,0,0,0,0
1406,S14T2122,0,0,0,0
1407,S10T1223,0,0,0,0
1408,S11T5222,0,0,0,0
1409,S13T3322,0,0,0,0
1410,S01X3722,0,0,0,0
1411,S15T0423,0,0,0,0
1412,S04M4322,0,0,0,0
1413,S07T2222,0,0,0,0
1414,S04T3822,0,0,0,0
1415,S04T4422,0,0,0,0
1416,S06T2722,4.45E-05,0,0,4.45E-05
1417,S01X2922,0,0,0,0
1418,S10M2322,0,0,0,0
1419,S09M0523,0,0,0,0
1420,S15M0323,0,0,0,0
1421,S15T2922,0,0,0,0
1422,S13M2422,0,0,0,0
1423,S02M0923,0,0,0,0
1424,S12T4722,0,0,0,0
1425,S04T2822,0,0,0,0
1426,S12T3622,0,0,0,0
1427,S06T4522,0,0,0,0
1428,S13T0323,0,0,0,0
1429,S08T3422,0,0,0,0
1430,S13T3422,0,0,0,0
1431,S13T2822,0,0,0,0
1432,S14T1323,0,0,0,0
1433,S15T2822,0,0,0,0
1434,S14T3422,0,0,0,0
1435,S12T1123,0,0,0,0
1436,S15M3322,0,0,0,0
1437,S08T1423,0,0,0,0
1438,S08M0723,0,0,0,0
1439,S03T2522,0,0,0,0
1440,S10T0623,0,0,0,0
1441,S12M1023,0,0,0,0
1442,S15M1623,0,0,0,0
1443,S02M0123,0,0,0,0
1444,S09T2522,0,0,0,0
1445,S10M1523,0,0,0,0
1446,S10M0123,0,0,0,0
1447,S14T0623,0,0,0,0
1448,S02M2722,9.45E-05,0,0,9.45E-05
1449,S06T4422,0,0,0,0
1450,S13M0323,0,0,0,0
1451,S13T4922,0,0,0,0
1452,S08T0823,0,0,0,0
1453,S04M3522,0,0,0,0
1454,S10M0223,0,0,0,0
1455,S03T3522,0,0,0,0
1456,S07M0423,0,0,0,0
1457,S15T0823,0,0,0,0
1458,S09T1623,0,0,0,0
1459,S04T1623,0,0,0,0
1460,S15T1123,0,0,0,0
1461,S08T1323,0,0,0,0
1462,S14M5022,0,0,0,0
1463,S05T1223,0,0,0,0
1464,S07T0523,0,0,0,0
1465,S05T0523,0,0,0,0
1466,S01X4622,0,0,0,0
1467,S03M3822,0,0,0,0
1468,S01X3322,0,0,0,0
1469,S13T0523,0,0,0,0
1470,S12T4022,0,0,0,0
1471,S04M1323,0,0,0,0
1472,S03M2322,0,0,0,0
1473,S12T1323,0,0,0,0
1474,S01X1822,0,0,0,0
1475,S09T2222,0,0,0,0
1476,S06M2522,0,0,0,0
1477,S08M3422,0,0,0,0
1478,S01X0623,0,0,0,0
1479,S07M4222,0,0,0,0
1480,S14T0323,0,0,0,0
1481,S10M4622,0,0,0,0
1482,S06M1523,0,0,0,0
1483,S06T2322,0,0,0,0
1484,S05T2322,0,0,0,0
1485,S09M2422,0,0,0,0
1486,S02T2422,0,0,0,0
1487,S12T3522,0,0,0,0
1488,S10M5122,0,0,0,0
1489,S15T5122,0,0,0,0
1490,S12M0323,0,0,0,0
1491,S09M3622,0,0,0,0
1492,S07M0723,0,0,0,0
1493,S07T3622,0,0,0,0
1494,S10T5022,0,0,0,0
1495,S07M4722,0,0,0,0
1496,S13M0123,0,0,0,0
1497,S02T0723,0,0,0,0
1498,S14M0123,0,0,0,0
1499,S01X0123,0,0,0,0
1500,S08M3722,0,0,0,0
1501,S14T2522,0,0,0,0
1502,S14M2622,0,0,0,0
1503,S09M2622,0,0,0,0
1504,S01X2622,0,0,0,0
1505,S05T3422,0,0,0,0
1506,S12M3722,0,0,0,0
1507,S05M0923,0,0,0,0
1508,S11M3922,0,0,0,0
1509,S04T0723,0,0,0,0
1510,S05T4622,0,0,0,0
1511,S01X3822,0,0,0,0
1512,S01X2822,0,0,0,0
1513,S06M0123,0,0,0,0
1514,S15M4422,0,0,0,0
1515,S12M0123,0,0,0,0
1516,S14M3922,0,0,0,0
1517,S11M2622,0,0,0,0
1518,S09T3922,0,0,0,0
1519,S03T2922,0.000752559,0.000150512,0,0.00090307
1520,S01X3922,0,0,0,0
1521,S09T2622,0,3.62E-05,0,3.62E-05
1522,S04T3522,4.12E-05,0.000123732,0,0.000164976
1523,S05M1323,0,0,0,0
1524,S01X4022,0,0,0,0
1525,S08T3922,0,0,0,0
1526,S13T3822,0,0,0,0
1527,S04T3722,0,0,0,0
1528,S04T4022,0,0,0,0
1529,S07M3822,0,0,0,0
1530,S01X4322,0,0,0,0
1531,S13T3022,0,0,0,0
1532,S05T0823,0,0,0,0
1533,S08T4322,0,0,0,0
1534,S07T1323,0,0,0,0
1535,S03T4122,0,0,0,0
1536,S05M2922,0,0,0,0
1537,S01X0823,0,0,0,0
1538,S09M5222,0,0,0,0
1539,S15M0823,0,0,0,0
1540,S08M3822,0,0,0,0
1541,S03T0823,0,0,0,0
1542,S15T4022,0,0,0,0
1543,S05T0223,0,0,0,0
1544,S03M1323,0,0,0,0
1545,S06M5222,0,0,0,0
1546,S09T0223,0,0,0,0
1547,S05M4522,0,0,0,0
1548,S12T0123,0,0,0,0
1549,S02M4522,0,0,0,0
1550,S12T2622,0,0,0,0
1551,S05T2922,0.000117629,3.92E-05,0,0.000156838
1552,S06M1722,0,0,0,0
1553,S15T1323,0,0,0,0
1554,S09M1922,0,0,0,0
1555,S03M1123,0,0,0,0
1556,S04T1523,0,0,0,0
1557,S06T1523,0,0,0,0
1558,S07M1922,0,0,0,0
1559,S03T1623,0,0,0,0
1560,S14T4022,0,0,0,0
1561,S01X4522,0,0,0,0
1562,S11M4122,0,0,0,0
1563,S10M4322,0,0,0,0
1564,S12M4322,0,0,0,0
1565,S07T1623,0,0,0,0
1566,S03M1723,0,0,0,0
1567,S08T4422,0,0,0,0
1568,S04M4622,0,0,0,0
1569,S05M4222,0,0,0,0
1570,S13T1123,0,0,0,0
1571,S15M4222,0,0,0,0
1572,S03T4622,0,0,0,0
1573,S07T4322,0,0,0,0
1574,S04T5022,0,0,0,0
1575,S09M4422,0,0,0,0
1576,S06T5122,0,0,0,0
1577,S05M0223,0,0,0,0
1578,S02T4022,0,0,0,0
1579,S11M4022,0,0,0,0
1580,S09T4822,0,0,0,0
1581,S04T5222,0,0,0,0
1582,S13T4822,0,0,0,0
1583,S07M5022,0,0,0,0
1584,S11T1223,0,0,0,0
1585,S04M5222,0,0,0,0
1586,S07T5222,0,0,0,0
1587,S08M0123,0,0,0,0
1588,S07T0323,0,0,0,0
1589,S13T1223,0,0,0,0
1590,S13T4022,0,0,0,0
1591,S05T0623,0,0,0,0
1592,S08M4222,0,0,0,0
1593,S06M4322,0,0,0,0
1594,S13M4322,0,0,0,0
1595,S02T4322,0,0,0,0
1596,S08M4422,0,0,0,0
1597,S12T4322,0,0,0,0
1598,S11M4422,0,0,0,0
1599,S07T4422,0,0,0,0
1600,S10M4822,0,0,0,0
1601,S02M1423,0,0,0,0
1602,S15T0323,0,0,0,0
1603,S15M1423,0,0,0,0
